x,y,z,yaw
-0.0719427,-0.0200055,0.00485744,1.48579
-0.0718881,-0.0199793,0.00466639,1.4802
-0.0718828,-0.0200334,0.00503778,1.48372
-0.071812,-0.0198704,0.0052485,1.48449
-0.0717619,-0.0198168,0.00642223,1.48306
-0.0707141,-0.0190334,0.0148962,1.47915
-0.0651696,-0.0163895,0.0255126,1.48545
-0.0561049,-0.00669391,0.0608151,1.48816
-0.051275,-0.00103473,0.0912474,1.48836
-0.0471566,0.0136437,0.212619,1.48698
-0.0483869,0.0207474,0.293478,1.47944
-0.0442968,0.0282959,0.409316,1.48932
-0.0443819,0.0341142,0.498281,1.48495
-0.0442324,0.042923,0.615819,1.47801
-0.0437066,0.0502006,0.696379,1.48059
-0.0439457,0.0604424,0.767867,1.477
-0.042374,0.0655791,0.790658,1.47892
-0.0420446,0.0709084,0.808588,1.47913
-0.0415693,0.0796079,0.82593,1.47564
-0.0394342,0.086,0.826556,1.46538
-0.0384103,0.0933798,0.823614,1.47167
-0.0356662,0.0988088,0.816687,1.47668
-0.0334491,0.112377,0.809803,1.45896
-0.0320656,0.121027,0.806198,1.44136
-0.030756,0.128834,0.79813,1.45432
-0.029789,0.131015,0.793907,1.46142
-0.0265328,0.140196,0.785375,1.43707
-0.0279295,0.143582,0.779173,1.47027
-0.0263391,0.151567,0.778595,1.4605
-0.025849,0.154453,0.780914,1.47097
-0.0254562,0.162416,0.789,1.45889
-0.0253485,0.16405,0.792242,1.46006
-0.0240337,0.167415,0.803026,1.4611
-0.023837,0.168645,0.808344,1.46196
-0.0248023,0.169643,0.817319,1.46267
-0.0261021,0.16981,0.824753,1.462
-0.0284265,0.169088,0.83732,1.46372
-0.0301705,0.169265,0.851976,1.45075
-0.0339887,0.168667,0.864854,1.44843
-0.0352103,0.166477,0.880846,1.4405
-0.0382307,0.163558,0.896549,1.44056
-0.042619,0.160704,0.907463,1.44809
-0.0468995,0.157971,0.919459,1.44843
-0.0519472,0.153274,0.936169,1.44179
-0.0542874,0.150623,0.940096,1.44798
-0.0564287,0.146341,0.945072,1.44022
-0.0623662,0.14161,0.948423,1.44263
-0.0649413,0.136719,0.949314,1.43723
-0.068594,0.125407,0.946106,1.47585
-0.0718456,0.122571,0.947052,1.4642
-0.0756038,0.115801,0.947497,1.46667
-0.0778516,0.110013,0.948204,1.47705
-0.08228,0.105963,0.952355,1.46445
-0.0872614,0.0981527,0.955435,1.47388
-0.0912368,0.0933541,0.95688,1.46467
-0.0946503,0.0866505,0.955554,1.47632
-0.0959748,0.0859027,0.955505,1.46602
-0.0990853,0.0784748,0.947342,1.47941
-0.100168,0.074775,0.94174,1.47784
-0.103643,0.070441,0.937345,1.47465
-0.104182,0.0642086,0.92311,1.47764
-0.105126,0.0607982,0.912345,1.47772
-0.106746,0.0547866,0.8935,1.47712
-0.106848,0.0495504,0.877762,1.48007
-0.106515,0.0431737,0.861026,1.47974
-0.1053,0.0362439,0.848455,1.47888
-0.104961,0.0316786,0.844555,1.47556
-0.100167,0.0225457,0.832323,1.47757
-0.0986651,0.0196701,0.830418,1.47888
-0.0940152,0.0119193,0.831079,1.47581
-0.089716,0.00702238,0.833826,1.47833
-0.0829068,0.000945705,0.841941,1.4806
-0.0784109,-0.00318533,0.849159,1.48175
-0.0710309,-0.00814565,0.861503,1.48213
-0.0590756,-0.0144023,0.877269,1.48105
-0.0522348,-0.0177239,0.885345,1.48172
-0.0457781,-0.0202139,0.895018,1.47869
-0.0299537,-0.0256902,0.911464,1.48108
-0.0227641,-0.0264893,0.916697,1.47113
-0.0077198,-0.0310205,0.927289,1.48
8.02537e-05,-0.0313607,0.927262,1.47258
0.0141463,-0.034695,0.923864,1.48426
0.0261266,-0.0358206,0.922028,1.48564
0.0369276,-0.0353681,0.921543,1.47664
0.0516034,-0.0368612,0.920557,1.48463
0.0694232,-0.035683,0.919594,1.47801
0.0820132,-0.0345991,0.92103,1.47731
0.108209,-0.031855,0.921986,1.47914
0.115318,-0.0309707,0.924022,1.48095
0.137115,-0.0266455,0.932294,1.48254
0.15736,-0.0213693,0.940341,1.48287
0.178097,-0.0134775,0.951815,1.48194
0.193449,-0.00699761,0.95624,1.48099
0.213132,0.00314652,0.963797,1.48157
0.231158,0.0103619,0.961374,1.48415
0.248334,0.0188404,0.962261,1.48445
0.280304,0.0354873,0.958481,1.48109
0.306727,0.0511181,0.954005,1.47843
0.318152,0.0571064,0.949785,1.48108
0.352308,0.0781151,0.940028,1.48347
0.377734,0.0937779,0.929167,1.48655
0.399315,0.107021,0.922835,1.48802
0.433004,0.12876,0.922353,1.48752
0.455743,0.142804,0.921523,1.49019
0.484017,0.16168,0.924327,1.48965
0.496666,0.169366,0.926701,1.491
0.536683,0.194623,0.936821,1.4909
0.569156,0.214601,0.940447,1.49142
0.60262,0.234877,0.944824,1.49367
0.626631,0.250247,0.944896,1.49231
0.658583,0.270803,0.945429,1.49351
0.703854,0.300757,0.952333,1.49443
0.715814,0.308877,0.954208,1.49433
0.748352,0.332256,0.959995,1.49596
0.777728,0.355269,0.969066,1.4972
0.801856,0.374504,0.977188,1.49648
0.821351,0.390796,0.985703,1.49634
0.833458,0.401376,0.989989,1.49792
0.847056,0.415893,0.994976,1.49717
0.855025,0.426014,0.997138,1.49893
0.865274,0.440527,0.999698,1.49864
0.872621,0.4527,1.00182,1.49734
0.878223,0.464431,1.00579,1.49723
0.881413,0.472189,1.00777,1.49553
0.885357,0.482408,1.00953,1.49213
0.886341,0.488159,1.00922,1.49308
0.886574,0.496371,1.00544,1.49302
0.884892,0.503612,1.00089,1.49233
0.883613,0.509213,0.996933,1.49187
0.881944,0.515158,0.99009,1.49312
0.878923,0.520515,0.983315,1.49426
0.877703,0.52632,0.97536,1.49392
0.877256,0.531607,0.968085,1.4928
0.877215,0.536125,0.96139,1.49448
0.877058,0.542209,0.954682,1.49392
0.877233,0.547425,0.949633,1.49427
0.877367,0.552297,0.946245,1.49648
0.878289,0.55628,0.944029,1.49481
0.87873,0.561738,0.945442,1.49301
0.88045,0.566206,0.947098,1.49066
0.881323,0.569077,0.949704,1.49063
0.882826,0.572444,0.951603,1.49257
0.885432,0.577409,0.950889,1.49309
0.890671,0.58477,0.946727,1.49396
0.893967,0.588557,0.944493,1.49381
0.899655,0.593582,0.941136,1.49291
0.9069,0.597963,0.939319,1.49105
0.915684,0.601808,0.940168,1.49194
0.924771,0.605919,0.94011,1.4888
0.932637,0.609363,0.941206,1.48888
0.943193,0.612863,0.943969,1.48956
0.955512,0.616189,0.945133,1.48842
0.964607,0.618049,0.945402,1.4877
0.980497,0.620253,0.946676,1.48606
0.997816,0.62159,0.946582,1.48447
1.0179,0.621526,0.944759,1.49041
1.03768,0.621239,0.945117,1.49033
1.0456,0.620685,0.945861,1.49173
1.06295,0.619454,0.946281,1.49101
1.08356,0.61792,0.946189,1.49489
1.1061,0.615931,0.947975,1.49869
1.12888,0.614633,0.948884,1.49905
1.14428,0.613774,0.949539,1.5007
1.16999,0.613445,0.949037,1.49881
1.18992,0.614088,0.94951,1.49671
1.21517,0.615713,0.950395,1.49501
1.24312,0.617261,0.953697,1.49497
1.27814,0.620631,0.955951,1.49272
1.29488,0.622148,0.955979,1.49124
1.31361,0.623851,0.954777,1.49066
1.34617,0.625767,0.953637,1.48779
1.36453,0.626396,0.952622,1.48946
1.3876,0.626887,0.9508,1.48698
1.41166,0.628524,0.946823,1.48439
1.42711,0.628456,0.945895,1.51262
1.45011,0.629344,0.938215,1.54136
1.46778,0.630597,0.931911,1.54303
1.48929,0.632236,0.922696,1.54453
1.51222,0.635209,0.914085,1.54521
1.52918,0.637493,0.908534,1.54593
1.56066,0.645785,0.900903,1.50947
1.57267,0.64694,0.898652,1.53919
1.59158,0.652414,0.892362,1.54448
1.60881,0.658572,0.888667,1.54512
1.62643,0.665719,0.888128,1.54572
1.63288,0.668915,0.888678,1.5453
1.64831,0.676861,0.89096,1.54725
1.66943,0.688118,0.89917,1.55059
1.68122,0.694686,0.905019,1.54945
1.69702,0.704033,0.912217,1.5489
1.7175,0.715743,0.916559,1.49012
1.73174,0.72615,0.921861,1.47531
1.74109,0.734049,0.927035,1.47779
1.75406,0.747305,0.931436,1.47527
1.76657,0.760404,0.932016,1.47599
1.77357,0.769798,0.930173,1.47402
1.78402,0.784621,0.924436,1.4719
1.79341,0.79921,0.919421,1.47133
1.80252,0.812742,0.915684,1.47307
1.81156,0.82688,0.913927,1.47285
1.82106,0.842411,0.91627,1.47405
1.83017,0.857417,0.923535,1.47626
1.83712,0.869295,0.926843,1.47221
1.84293,0.880449,0.929,1.47454
1.85385,0.901334,0.932334,1.47545
1.85894,0.911205,0.933756,1.47892
1.86726,0.927462,0.936909,1.48677
1.87094,0.935973,0.939972,1.49628
1.87601,0.945909,0.941303,1.49268
1.87951,0.952774,0.938581,1.48547
1.88345,0.963355,0.933103,1.48432
1.88457,0.967569,0.930533,1.48476
1.88528,0.976394,0.92596,1.4841
1.88541,0.984011,0.92244,1.48531
1.8871,0.993115,0.924581,1.48532
1.88832,0.999839,0.928461,1.48523
1.89234,1.01715,0.934487,1.47726
1.89387,1.03208,0.940572,1.47542
1.89318,1.04796,0.94686,1.47892
1.89304,1.06003,0.947542,1.47626
1.88965,1.0777,0.946968,1.47821
1.88564,1.08969,0.946575,1.47714
1.87971,1.10861,0.943489,1.47455
1.87386,1.12306,0.944502,1.47756
1.86959,1.13451,0.943478,1.47378
1.85879,1.15814,0.94344,1.47363
1.84966,1.1742,0.944528,1.47351
1.84642,1.17974,0.945282,1.47189
1.83389,1.19869,0.952184,1.47874
1.82848,1.20612,0.958038,1.48197
1.82069,1.22142,0.968227,1.47817
1.81708,1.22744,0.973883,1.47978
1.81331,1.23492,0.981652,1.47809
1.81093,1.23965,0.986935,1.48021
1.80819,1.24478,0.991338,1.48043
1.8037,1.25249,0.995704,1.48241
1.79995,1.25846,0.995246,1.48282
1.79703,1.26197,0.993962,1.4843
1.7944,1.2659,0.992675,1.48195
1.78933,1.271,0.995294,1.48118
1.78396,1.2749,0.996611,1.48082
1.77947,1.27797,0.995588,1.48171
1.7728,1.28283,0.994024,1.48357
1.76655,1.28896,0.988282,1.4841
1.76003,1.29436,0.984225,1.48426
1.75046,1.30188,0.979159,1.48277
1.74261,1.30718,0.976449,1.48345
1.73123,1.31553,0.97349,1.48352
1.71827,1.32241,0.973518,1.48416
1.71102,1.32577,0.973897,1.4839
1.70021,1.33155,0.971489,1.4824
1.69622,1.33325,0.971793,1.48174
1.68225,1.3395,0.974443,1.47964
1.67017,1.3445,0.979012,1.47984
1.66438,1.34657,0.98087,1.48194
1.64563,1.35388,0.982272,1.47837
1.63775,1.35635,0.982264,1.47932
1.62506,1.3601,0.98331,1.47722
1.60987,1.36408,0.983576,1.47972
1.59922,1.36604,0.983294,1.48512
1.58435,1.37019,0.980071,1.48761
1.56643,1.37662,0.973672,1.48511
1.54783,1.3819,0.968835,1.48342
1.53081,1.38585,0.967967,1.4852
1.51656,1.38996,0.966107,1.48569
1.50614,1.3934,0.963025,1.48507
1.49863,1.39538,0.96157,1.48435
1.48083,1.39984,0.961937,1.49203
1.47653,1.40105,0.961672,1.48978
1.4537,1.40439,0.966534,1.49254
1.44312,1.40631,0.966717,1.48733
1.42152,1.4102,0.967909,1.48892
1.41096,1.41197,0.968458,1.48478
1.39722,1.41374,0.971187,1.4884
1.37729,1.41637,0.973746,1.48518
1.3645,1.41725,0.974678,1.48544
1.36018,1.41798,0.974232,1.4859
1.3494,1.41963,0.972098,1.48302
1.34244,1.42067,0.969101,1.48133
1.33564,1.42102,0.968363,1.48428
1.33105,1.42127,0.968723,1.48063
1.32323,1.42129,0.970974,1.48175
1.31679,1.42114,0.971767,1.48132
1.30816,1.42116,0.970266,1.48019
1.29212,1.42049,0.964535,1.48289
1.28366,1.41979,0.960875,1.48674
1.26857,1.41998,0.953334,1.4905
1.25801,1.42035,0.948932,1.4859
1.23594,1.42203,0.94445,1.48828
1.22268,1.42319,0.940356,1.48789
1.19736,1.42398,0.93701,1.48635
1.17432,1.42465,0.935825,1.48452
1.15419,1.42593,0.934823,1.48434
1.12138,1.42781,0.934342,1.48622
1.09992,1.42962,0.936433,1.48613
1.08423,1.43022,0.938342,1.48853
1.05412,1.4329,0.946316,1.51243
1.04198,1.43075,0.946712,1.54053
1.03163,1.43026,0.946422,1.53845
1.02186,1.42888,0.944604,1.53977
1.01665,1.42761,0.941182,1.53819
1.00981,1.42527,0.935152,1.53462
1.00771,1.42392,0.933848,1.53383
1.00582,1.42113,0.932348,1.5323
1.00637,1.41837,0.931419,1.52821
1.00648,1.41581,0.930237,1.52782
1.00704,1.41137,0.927575,1.52908
1.00853,1.40695,0.922613,1.5261
1.0116,1.40117,0.914172,1.51981
1.01394,1.3979,0.909779,1.52177
1.01449,1.39264,0.907934,1.52482
1.01375,1.38714,0.908404,1.5201
1.0101,1.38215,0.914377,1.52143
1.00716,1.37715,0.921327,1.52297
1.00407,1.37376,0.92755,1.52741
0.998775,1.36862,0.938008,1.52323
0.994664,1.36591,0.94662,1.52347
0.986012,1.36102,0.962267,1.52592
0.982831,1.35953,0.966879,1.52582
0.974694,1.35578,0.975775,1.52381
0.959871,1.34982,0.984051,1.52385
0.950967,1.34665,0.985712,1.5217
0.930713,1.34165,0.993908,1.51753
0.921568,1.3395,0.997986,1.51834
0.911983,1.33768,1.00052,1.51578
0.896548,1.33596,1.00496,1.5162
0.879891,1.33486,1.00758,1.51796
0.866326,1.33394,1.00927,1.51638
0.840447,1.3321,1.01208,1.52085
0.824849,1.33143,1.01332,1.4975
0.795877,1.32936,1.01447,1.51657
0.76967,1.32918,1.01389,1.4835
0.74909,1.3279,1.00837,1.50021
0.711135,1.32685,0.999359,1.50755
0.681733,1.32578,0.98872,1.50999
0.662749,1.32541,0.982409,1.50766
0.624538,1.32428,0.967687,1.47738
0.604826,1.32333,0.958629,1.46605
0.572359,1.32256,0.951523,1.47423
0.542391,1.32264,0.947002,1.47617
0.522152,1.32304,0.946364,1.47928
0.498068,1.32606,0.949264,1.47057
0.467126,1.3307,0.958743,1.47102
0.445337,1.33438,0.965326,1.48362
0.40238,1.34422,0.974766,1.49402
0.375244,1.35492,0.977613,1.47139
0.345681,1.36433,0.979485,1.49642
0.322951,1.37354,0.984132,1.50484
0.296508,1.38497,0.988284,1.50294
0.267899,1.39868,0.99384,1.4746
0.252214,1.40458,0.995597,1.48742
0.229427,1.41213,0.996956,1.50729
0.208143,1.42184,0.996721,1.50997
0.197666,1.42739,0.995511,1.50917
0.175383,1.43896,0.989739,1.5112
0.169503,1.44193,0.986564,1.51428
0.153719,1.44742,0.975574,1.48986
0.14694,1.45075,0.970377,1.48082
0.140351,1.45254,0.963837,1.48019
0.129153,1.45419,0.953553,1.47775
0.127105,1.45379,0.95121,1.48021
0.12234,1.45052,0.944766,1.4923
0.114564,1.45029,0.934062,1.48975
0.108918,1.45006,0.924383,1.49452
0.099167,1.45234,0.916958,1.49401
0.0915159,1.45301,0.914501,1.49552
0.0779903,1.45424,0.909755,1.4951
0.0687842,1.45486,0.907148,1.49513
0.0510142,1.45556,0.903896,1.49835
0.0380104,1.45587,0.902799,1.50041
0.0145462,1.45769,0.904866,1.49891
0.00333598,1.45884,0.906629,1.49797
-0.0101004,1.45926,0.906754,1.49924
-0.0218391,1.45863,0.904454,1.50122
-0.0337319,1.45734,0.903572,1.50335
-0.0457666,1.45608,0.903923,1.50475
-0.0570826,1.45544,0.905872,1.50622
-0.0740095,1.45481,0.908316,1.50339
-0.0898837,1.45433,0.911707,1.49989
-0.0995316,1.45417,0.914794,1.49682
-0.112574,1.45413,0.920704,1.49496
-0.124889,1.45406,0.925907,1.49312
-0.133476,1.45371,0.928141,1.49415
-0.150789,1.45324,0.931052,1.49192
-0.16125,1.45253,0.934249,1.49309
-0.184303,1.4501,0.94214,1.49492
-0.202623,1.44846,0.947405,1.49827
-0.211045,1.44809,0.949456,1.49796
-0.238694,1.44697,0.949107,1.49853
-0.25181,1.44627,0.949233,1.49829
-0.280591,1.44505,0.944837,1.497
-0.293502,1.4445,0.942433,1.49717
-0.312714,1.44343,0.93863,1.49699
-0.330787,1.44189,0.935364,1.49753
-0.34946,1.44035,0.934521,1.49719
-0.36642,1.44006,0.932763,1.49581
-0.387128,1.43905,0.931299,1.49756
-0.399355,1.43895,0.93108,1.49639
-0.418076,1.43859,0.933209,1.49836
-0.435046,1.439,0.934323,1.49552
-0.448546,1.43824,0.935498,1.4926
-0.468446,1.43693,0.938071,1.48888
-0.486394,1.43621,0.941536,1.4888
-0.502833,1.43628,0.946219,1.48826
-0.513454,1.43667,0.949475,1.48835
-0.535567,1.43852,0.956136,1.48775
-0.542789,1.43886,0.958757,1.48709
-0.563288,1.44014,0.96135,1.48404
-0.578138,1.44231,0.958446,1.48366
-0.596697,1.44406,0.951069,1.48428
-0.610828,1.44636,0.942721,1.48806
-0.62217,1.44867,0.938051,1.48804
-0.63931,1.45229,0.928924,1.48856
-0.647209,1.45327,0.927263,1.4912
-0.65683,1.45484,0.92746,1.48909
-0.665322,1.45444,0.928775,1.4906
-0.672795,1.45308,0.925711,1.47727
-0.684568,1.45272,0.929675,1.4873
-0.693954,1.45063,0.932221,1.47733
-0.706821,1.4484,0.936122,1.47798
-0.717996,1.4453,0.931703,1.47998
-0.731126,1.44172,0.927894,1.47992
-0.742624,1.43754,0.92319,1.48053
-0.750868,1.43424,0.92051,1.48053
-0.759742,1.42999,0.915413,1.48155
-0.770586,1.42609,0.909139,1.48121
-0.780916,1.42457,0.905014,1.47784
-0.792842,1.42042,0.901786,1.47819
-0.807858,1.41763,0.898261,1.47684
-0.823357,1.41314,0.896055,1.47757
-0.837317,1.41021,0.888161,1.47704
-0.84948,1.40762,0.887922,1.47387
-0.860607,1.40482,0.882305,1.47477
-0.875831,1.40131,0.877912,1.47621
-0.886814,1.3989,0.877293,1.4758
-0.899889,1.39616,0.877847,1.47532
-0.923656,1.3926,0.878772,1.47388
-0.936473,1.38909,0.877874,1.47848
-0.953786,1.38627,0.884174,1.47658
-0.959961,1.38532,0.886026,1.47562
-0.979149,1.38121,0.884868,1.47664
-0.986118,1.38042,0.884543,1.47663
-1.00339,1.37737,0.88162,1.4788
-1.01463,1.37524,0.887124,1.47794
-1.02487,1.37332,0.89248,1.47761
-1.03768,1.36912,0.898782,1.47747
-1.04791,1.36597,0.906192,1.47729
-1.06648,1.35967,0.914097,1.47808
-1.07598,1.35664,0.917297,1.47947
-1.0895,1.3541,0.924684,1.47997
-1.10759,1.34985,0.928978,1.48052
-1.12176,1.34715,0.932836,1.48078
-1.14012,1.34248,0.933625,1.4837
-1.15845,1.3382,0.932396,1.48393
-1.17674,1.33211,0.930194,1.4863
-1.18858,1.32863,0.928925,1.48538
-1.20699,1.3232,0.927622,1.48307
-1.2222,1.31812,0.929573,1.48322
-1.23538,1.31394,0.933167,1.48463
-1.25722,1.30698,0.932874,1.48654
-1.27972,1.30038,0.935108,1.4857
-1.3017,1.29154,0.93463,1.48468
-1.30873,1.28716,0.930972,1.48508
-1.31697,1.28193,0.930516,1.48596
-1.32345,1.27482,0.923471,1.48381
-1.33246,1.26741,0.91822,1.48233
-1.33487,1.26521,0.916945,1.48163
-1.34122,1.25969,0.918245,1.48287
-1.34589,1.25574,0.919203,1.48147
-1.34999,1.25383,0.922747,1.48167
-1.35937,1.25041,0.936942,1.48088
-1.36887,1.24642,0.9516,1.48235
-1.37418,1.24422,0.958816,1.48271
-1.38347,1.23988,0.971579,1.48057
-1.39167,1.23416,0.981164,1.48018
-1.40144,1.22935,0.986411,1.47843
-1.41014,1.22518,0.986336,1.47605
-1.41382,1.22409,0.98621,1.47499
-1.42394,1.22204,0.983355,1.46975
-1.43066,1.22141,0.980609,1.47181
-1.44192,1.22162,0.973916,1.47009
-1.44728,1.2218,0.971051,1.47002
-1.45421,1.2233,0.965524,1.46725
-1.46174,1.2238,0.959788,1.47051
-1.47529,1.22445,0.952104,1.47036
-1.4835,1.22504,0.949478,1.46923
-1.49165,1.22511,0.946712,1.46878
-1.50236,1.22454,0.945634,1.46779
-1.51381,1.22443,0.945638,1.46728
-1.52709,1.22455,0.947882,1.46665
-1.54111,1.22439,0.951994,1.46642
-1.55673,1.22405,0.956842,1.47145
-1.56554,1.22477,0.958033,1.46954
-1.57564,1.22453,0.957933,1.47222
-1.58349,1.22456,0.95326,1.47285
-1.58739,1.22401,0.949332,1.47361
-1.58949,1.22358,0.94517,1.47366
-1.59085,1.22299,0.943239,1.47329
-1.59251,1.22193,0.9447,1.4714
-1.59504,1.22048,0.948497,1.46934
-1.59741,1.21883,0.95382,1.46962
-1.60055,1.21806,0.957513,1.46972
-1.60247,1.21781,0.958274,1.47035
-1.60876,1.21634,0.954513,1.46939
-1.61202,1.21599,0.951507,1.46833
-1.62083,1.21574,0.946515,1.46864
-1.62492,1.21553,0.945796,1.47105
-1.63033,1.21446,0.947703,1.47379
-1.63499,1.21313,0.94749,1.47438
-1.64083,1.21023,0.946544,1.47628
-1.64812,1.2055,0.946966,1.47621
-1.65958,1.19639,0.947675,1.47499
-1.66485,1.192,0.947249,1.47453
-1.67379,1.18286,0.946002,1.47512
-1.68248,1.17433,0.943273,1.47573
-1.68759,1.16863,0.940354,1.47657
-1.69464,1.15771,0.930323,1.47889
-1.69716,1.15392,0.927255,1.4786
-1.70311,1.14504,0.920455,1.47886
-1.71035,1.13415,0.917038,1.48048
-1.71619,1.12003,0.919625,1.48127
-1.72019,1.10729,0.924126,1.48239
-1.72575,1.09213,0.931905,1.48076
-1.73,1.07881,0.936525,1.48058
-1.73486,1.06626,0.93972,1.48033
-1.73793,1.05738,0.940554,1.4802
-1.73868,1.05071,0.939335,1.48121
-1.7408,1.03603,0.933238,1.48086
-1.74081,1.02925,0.927297,1.48293
-1.7395,1.01926,0.912522,1.48076
-1.73741,1.01527,0.906158,1.47646
-1.73752,1.01006,0.902332,1.47943
-1.73593,0.999952,0.897674,1.47982
-1.73589,0.995551,0.897731,1.47685
-1.7359,0.987734,0.898029,1.47909
-1.73599,0.978044,0.899238,1.48598
-1.73711,0.967276,0.901825,1.4874
-1.73832,0.963406,0.903317,1.4877
-1.74207,0.951408,0.906692,1.48656
-1.74508,0.939238,0.906867,1.4837
-1.74538,0.934381,0.905586,1.48388
-1.74796,0.919509,0.904779,1.48369
-1.7492,0.913304,0.906397,1.48441
-1.75144,0.902259,0.909669,1.48597
-1.75279,0.892104,0.911547,1.48798
-1.75371,0.884638,0.913808,1.48735
-1.75425,0.873476,0.917046,1.48663
-1.7537,0.866133,0.917062,1.48528
-1.75257,0.857721,0.915971,1.48539
-1.75062,0.848855,0.91605,1.48394
-1.74811,0.840193,0.91784,1.48209
-1.74488,0.83029,0.919423,1.48174
-1.74252,0.823999,0.920341,1.48234
-1.73635,0.811138,0.921193,1.48207
-1.73129,0.803661,0.921478,1.48267
-1.72256,0.793615,0.921156,1.48138
-1.71249,0.783993,0.921704,1.47911
-1.70455,0.777161,0.921817,1.4805
-1.69077,0.765848,0.92138,1.4813
-1.67705,0.755599,0.920659,1.48242
-1.66445,0.746421,0.920354,1.48204
-1.65513,0.739646,0.920727,1.47994
-1.64706,0.73346,0.921601,1.47847
-1.62737,0.718447,0.923424,1.48033
-1.61931,0.71239,0.925986,1.4813
-1.60315,0.702176,0.931176,1.48274
-1.58675,0.693756,0.935141,1.48197
-1.57675,0.689198,0.936171,1.48437
-1.56073,0.683111,0.936336,1.48443
-1.54727,0.678405,0.935691,1.48519
-1.53051,0.673437,0.936331,1.48283
-1.51076,0.667677,0.938174,1.48437
-1.49224,0.66299,0.939414,1.48451
-1.46556,0.656069,0.938634,1.48476
-1.45825,0.653961,0.938594,1.48563
-1.43119,0.646815,0.940247,1.48675
-1.41717,0.643229,0.94214,1.48634
-1.39003,0.635427,0.94435,1.48512
-1.37594,0.631686,0.944086,1.4843
-1.34933,0.624708,0.943074,1.48421
-1.32369,0.618389,0.943153,1.48143
-1.29561,0.611904,0.942571,1.48282
-1.26873,0.606754,0.943778,1.4812
-1.24866,0.602897,0.942761,1.48358
-1.21921,0.599051,0.94081,1.48433
-1.19921,0.596622,0.939706,1.48239
-1.17813,0.593523,0.938986,1.47975
-1.15426,0.589754,0.938269,1.48465
-1.14405,0.587826,0.936235,1.48471
-1.13279,0.585308,0.933001,1.48529
-1.12372,0.582603,0.930291,1.48477
-1.12003,0.581021,0.929532,1.48473
-1.11577,0.579295,0.930122,1.48562
-1.11049,0.577204,0.931312,1.48357
-1.10625,0.575458,0.931911,1.48641
-1.10291,0.574813,0.931151,1.48476
-1.09784,0.573843,0.927863,1.48671
-1.09122,0.572517,0.923811,1.48588
-1.08505,0.571082,0.920624,1.48675
-1.07678,0.569065,0.916695,1.48687
-1.07139,0.56729,0.915999,1.48786
-1.06507,0.564322,0.914957,1.48713
-1.05278,0.55696,0.912141,1.48796
-1.04782,0.553107,0.911002,1.49044
-1.03928,0.547209,0.909789,1.49067
-1.03232,0.542554,0.907958,1.49001
-1.01866,0.532979,0.90723,1.4883
-1.0112,0.527605,0.908379,1.48956
-1.00122,0.519537,0.917106,1.48478
-0.987279,0.507546,0.92505,1.48586
-0.982871,0.503607,0.926152,1.48549
-0.972874,0.494214,0.928075,1.48401
-0.962802,0.483985,0.930514,1.48442
-0.951116,0.47348,0.9307,1.48415
-0.939563,0.462758,0.930835,1.48303
-0.932087,0.455682,0.931711,1.48111
-0.917185,0.443166,0.930218,1.48138
-0.900987,0.42893,0.931693,1.48004
-0.888711,0.419376,0.932641,1.47838
-0.872953,0.407215,0.935725,1.47679
-0.85408,0.394118,0.937084,1.47644
-0.841069,0.384695,0.937199,1.47929
-0.815314,0.368292,0.933612,1.47743
-0.800906,0.36015,0.928326,1.47864
-0.786101,0.351222,0.921811,1.47934
-0.762673,0.336836,0.911583,1.47966
-0.743048,0.324546,0.904316,1.48328
-0.729535,0.316351,0.901076,1.48271
-0.710125,0.303903,0.899058,1.48314
-0.696015,0.295253,0.898487,1.48298
-0.677428,0.28399,0.897447,1.48364
-0.650171,0.267954,0.895999,1.48622
-0.64185,0.263168,0.895785,1.48651
-0.612892,0.248479,0.897254,1.48648
-0.59146,0.237025,0.904488,1.48621
-0.579994,0.233134,0.905716,1.48454
-0.55687,0.223124,0.910711,1.48243
-0.522131,0.209169,0.919754,1.48072
-0.493253,0.199043,0.928243,1.48133
-0.474436,0.192817,0.93282,1.48191
-0.444006,0.183404,0.934841,1.48475
-0.430979,0.177994,0.938142,1.48666
-0.408592,0.170438,0.936856,1.48496
-0.386912,0.161495,0.9365,1.48606
-0.384754,0.159582,0.93759,1.48792
-0.371687,0.15563,0.934211,1.48348
-0.36419,0.152551,0.931078,1.48611
-0.35443,0.14782,0.92642,1.48037
-0.347981,0.144411,0.920978,1.48261
-0.342502,0.141135,0.914263,1.48161
-0.341503,0.138612,0.910785,1.48376
-0.336944,0.136771,0.906233,1.48458
-0.336485,0.134974,0.907362,1.48546
-0.332669,0.131312,0.908854,1.48841
-0.331698,0.1295,0.912436,1.48599
-0.328971,0.123729,0.920699,1.49533
-0.325057,0.12012,0.926256,1.49117
-0.321866,0.115773,0.934485,1.49014
-0.315194,0.111332,0.938984,1.49327
-0.31052,0.107835,0.947797,1.49098
-0.305943,0.104539,0.952901,1.49491
-0.295637,0.100159,0.963085,1.49262
-0.284754,0.0960939,0.967153,1.49112
-0.277105,0.0920385,0.969362,1.49421
-0.265743,0.0875783,0.96962,1.49182
-0.252983,0.0829509,0.968791,1.48838
-0.243202,0.0801359,0.965501,1.49286
-0.233413,0.077205,0.964299,1.49479
-0.219026,0.0744205,0.961996,1.49471
-0.203445,0.0720491,0.958894,1.49399
-0.189545,0.0690268,0.955936,1.498
-0.171526,0.0664765,0.952654,1.4961
-0.15183,0.0646088,0.949442,1.48798
-0.136393,0.0630078,0.943325,1.48933
-0.115999,0.0605881,0.934247,1.48954
-0.0976228,0.0585443,0.927121,1.4885
-0.0774396,0.0551,0.921775,1.4921
-0.0621237,0.0529643,0.91909,1.49115
-0.0345357,0.0490251,0.916815,1.48757
-0.0186075,0.0482169,0.916829,1.47664
0.00546721,0.0454601,0.917801,1.4738
0.0276266,0.0427019,0.91598,1.47684
0.0540302,0.0402463,0.915139,1.47481
0.071965,0.038446,0.916841,1.47444
0.0983514,0.0356824,0.917732,1.47334
0.118421,0.0332589,0.918746,1.47363
0.140776,0.0291572,0.920555,1.47688
0.176186,0.0237938,0.925537,1.47433
0.202796,0.0194259,0.928517,1.47141
0.229418,0.0131085,0.932051,1.47382
0.244157,0.0102958,0.933442,1.46871
0.263583,0.00475092,0.933285,1.47095
0.288018,-0.00276088,0.932919,1.47319
0.322955,-0.0153308,0.931623,1.47238
0.340506,-0.0219844,0.92977,1.47489
0.358676,-0.0285293,0.929112,1.47186
0.392944,-0.043868,0.929226,1.4718
0.416756,-0.0555292,0.93157,1.47686
0.434532,-0.0646589,0.934266,1.47478
0.468159,-0.0841514,0.93673,1.46344
0.483493,-0.0959695,0.939523,1.47157
0.501808,-0.108922,0.941557,1.46362
0.52905,-0.131691,0.945041,1.46909
0.55078,-0.150132,0.946805,1.46995
0.563476,-0.161199,0.947011,1.4712
0.576367,-0.172683,0.94561,1.47245
0.596502,-0.191538,0.942795,1.47527
0.603542,-0.199056,0.941319,1.47564
0.615466,-0.212679,0.94009,1.4751
0.622689,-0.221157,0.941024,1.47416
0.630339,-0.232626,0.943599,1.47516
0.638068,-0.244318,0.945755,1.47634
0.640845,-0.24871,0.946299,1.47455
0.645431,-0.259143,0.950016,1.47695
0.650942,-0.269657,0.952162,1.47967
0.653534,-0.276451,0.955727,1.47918
0.657327,-0.285013,0.959199,1.47988
0.658271,-0.290981,0.962108,1.47798
0.660965,-0.29731,0.960301,1.47834
0.663155,-0.304139,0.959289,1.47982
0.664033,-0.31027,0.958334,1.47898
0.665022,-0.316324,0.955645,1.47969
0.665822,-0.32323,0.950849,1.48415
0.666945,-0.327737,0.944546,1.48697
0.671158,-0.336603,0.931438,1.48817
0.672773,-0.341035,0.928131,1.49024
0.676295,-0.346551,0.921794,1.49197
0.678409,-0.352551,0.91753,1.49232
0.681542,-0.354972,0.913672,1.49484
0.686049,-0.36207,0.910849,1.49859
0.688068,-0.364706,0.910866,1.49963
0.692027,-0.369522,0.916101,1.50302
0.696539,-0.375299,0.928035,1.50107
0.701404,-0.378071,0.930794,1.50113
0.70967,-0.382617,0.934983,1.50306
0.720574,-0.38684,0.934075,1.5025
0.726915,-0.389567,0.934866,1.5048
0.737924,-0.394137,0.940464,1.50422
0.750958,-0.398666,0.94445,1.50675
0.765279,-0.404022,0.951507,1.50755
0.77765,-0.407982,0.956247,1.50706
0.794708,-0.41344,0.959367,1.50833
0.811395,-0.418251,0.962491,1.50966
0.829928,-0.421777,0.965008,1.50531
0.843496,-0.424481,0.965969,1.50626
0.863759,-0.427759,0.9657,1.50778
0.887201,-0.430234,0.966321,1.50661
0.90001,-0.431608,0.966636,1.50884
0.930353,-0.434363,0.969446,1.50882
0.946065,-0.435399,0.971164,1.50642
0.972384,-0.436461,0.974809,1.50494
0.983302,-0.436667,0.97603,1.50533
1.0212,-0.43682,0.97542,1.5043
1.03761,-0.436675,0.973998,1.50428
1.07527,-0.435342,0.967843,1.50361
1.1031,-0.435084,0.961853,1.50262
1.12304,-0.435095,0.95639,1.4998
1.1522,-0.437382,0.950495,1.50174
1.17669,-0.439885,0.949574,1.50013
1.20409,-0.443536,0.949509,1.49784
1.21457,-0.445471,0.950289,1.50035
1.25545,-0.452704,0.94738,1.50052
1.26713,-0.454755,0.944856,1.49963
1.30439,-0.461559,0.938502,1.50005
1.3163,-0.463569,0.93717,1.49885
1.35241,-0.470612,0.934474,1.49806
1.36549,-0.473365,0.933941,1.49699
1.39116,-0.480246,0.932547,1.49719
1.42596,-0.491393,0.925834,1.50054
1.44885,-0.500604,0.922246,1.50242
1.46691,-0.508615,0.921391,1.50326
1.48876,-0.519009,0.921162,1.50281
1.51725,-0.534043,0.922715,1.50801
1.53126,-0.541094,0.922966,1.508
1.55778,-0.557125,0.926308,1.50827
1.57016,-0.565588,0.928582,1.51117
1.58383,-0.574259,0.930558,1.51272
1.60298,-0.586625,0.931896,1.5131
1.62153,-0.599554,0.933329,1.51284
1.64038,-0.613363,0.934559,1.5133
1.66024,-0.62815,0.93448,1.51548
1.67455,-0.638743,0.934727,1.5175
1.68995,-0.64967,0.934539,1.51718
1.70894,-0.662839,0.934523,1.518
1.72396,-0.673687,0.934971,1.51494
1.74854,-0.692759,0.936072,1.51305
1.75839,-0.702809,0.937701,1.5114
1.77831,-0.726707,0.942555,1.50971
1.78802,-0.739661,0.945703,1.50819
1.80035,-0.755475,0.948259,1.50725
1.81367,-0.773164,0.950174,1.50753
1.8224,-0.784305,0.950434,1.5044
1.83059,-0.800788,0.957586,1.50822
1.83845,-0.811659,0.958602,1.50914
1.84794,-0.825278,0.961491,1.50326
1.85679,-0.840153,0.966254,1.50338
1.86247,-0.849804,0.968977,1.5033
1.86984,-0.864375,0.974537,1.50339
1.87817,-0.879773,0.977011,1.50468
1.88342,-0.889474,0.978012,1.50264
1.88865,-0.898231,0.977855,1.501
1.89849,-0.916657,0.975044,1.50693
1.9027,-0.928149,0.975886,1.51809
1.90877,-0.94271,0.972893,1.51557
1.91387,-0.957795,0.970883,1.51497
1.91698,-0.970079,0.969935,1.51556
1.9213,-0.989986,0.969673,1.51588
1.92412,-1.00499,0.968852,1.51571
1.92541,-1.01451,0.967964,1.51615
1.92684,-1.02963,0.964051,1.5194
1.92875,-1.04403,0.957339,1.5192
1.92952,-1.05281,0.95402,1.52173
1.9307,-1.06324,0.948722,1.52003
1.93242,-1.07595,0.94437,1.51855
1.93349,-1.09037,0.940325,1.51559
1.93315,-1.10082,0.93872,1.51694
1.93295,-1.10841,0.935859,1.51507
1.93025,-1.12787,0.93034,1.51599
1.9294,-1.13427,0.929372,1.51776
1.92717,-1.15287,0.924329,1.51767
1.92476,-1.16385,0.924002,1.52108
1.92209,-1.17638,0.923493,1.5204
1.91973,-1.18562,0.924611,1.51678
1.9113,-1.20327,0.931762,1.51847
1.90663,-1.21058,0.93458,1.51843
1.89473,-1.2278,0.940178,1.52156
1.88858,-1.23598,0.942776,1.52083
1.87887,-1.24929,0.947544,1.52241
1.8718,-1.25925,0.952508,1.52264
1.86294,-1.27351,0.958094,1.52157
1.8554,-1.29322,0.961249,1.52383
1.85251,-1.30482,0.959337,1.52203
1.85142,-1.30915,0.957963,1.52009
1.84463,-1.32594,0.955011,1.5205
1.84244,-1.33034,0.952942,1.51848
1.83151,-1.34621,0.949737,1.51707
1.82589,-1.35284,0.947073,1.51718
1.81655,-1.36233,0.944111,1.51648
1.81031,-1.36892,0.941496,1.51642
1.80129,-1.37709,0.940878,1.51617
1.78986,-1.38581,0.941436,1.51783
1.78534,-1.38943,0.941889,1.51769
1.77037,-1.40047,0.94345,1.51892
1.76011,-1.40685,0.945519,1.5174
1.75098,-1.41285,0.947704,1.51792
1.73357,-1.42169,0.950623,1.51899
1.72496,-1.42536,0.950641,1.51614
1.71176,-1.43152,0.951782,1.51684
1.69832,-1.43766,0.950319,1.52111
1.68849,-1.44134,0.947512,1.52298
1.67255,-1.44603,0.941957,1.52361
1.66767,-1.44748,0.939117,1.52507
1.65896,-1.44893,0.925347,1.51201
1.65198,-1.44982,0.911262,1.50358
1.63978,-1.45117,0.904657,1.50346
1.6317,-1.45222,0.898903,1.50413
1.61974,-1.45289,0.891207,1.50731
1.61151,-1.45297,0.888528,1.50657
1.59807,-1.45312,0.887758,1.50438
1.58495,-1.45366,0.890134,1.50439
1.5784,-1.45368,0.892526,1.50192
1.56299,-1.45387,0.89739,1.50264
1.55814,-1.45394,0.89903,1.50384
1.5429,-1.45458,0.908433,1.50832
1.53494,-1.45417,0.911193,1.5053
1.52759,-1.45372,0.915029,1.50436
1.51902,-1.45349,0.92162,1.50734
1.5105,-1.45094,0.923856,1.50636
1.50735,-1.45059,0.925152,1.50931
1.50168,-1.44818,0.923496,1.5028
1.49946,-1.44753,0.925601,1.5063
1.49953,-1.44684,0.928609,1.50156
1.4999,-1.44625,0.929936,1.50107
1.50078,-1.44703,0.930015,1.49901
1.50162,-1.44797,0.930494,1.49926
1.50169,-1.44887,0.932953,1.50302
1.50252,-1.44894,0.935783,1.50043
1.50284,-1.45014,0.936723,1.50427
1.50459,-1.45063,0.93706,1.50193
1.50641,-1.45088,0.939549,1.50075
1.50743,-1.4516,0.942274,1.50208
1.50729,-1.45283,0.945368,1.50246
1.50601,-1.45394,0.948071,1.49953
1.50461,-1.45621,0.948247,1.49906
1.50047,-1.45976,0.947123,1.49704
1.49344,-1.46159,0.947117,1.49858
1.48512,-1.46168,0.944308,1.4965
1.47515,-1.46288,0.940058,1.50321
1.46581,-1.46217,0.930233,1.49974
1.45872,-1.46161,0.922962,1.49868
1.44591,-1.46077,0.912392,1.49534
1.43739,-1.46192,0.908171,1.50081
1.42127,-1.4621,0.900888,1.4964
1.40716,-1.46359,0.901409,1.50127
1.39069,-1.46391,0.898042,1.4949
1.36559,-1.46568,0.897614,1.49441
1.35049,-1.46669,0.900733,1.49681
1.33147,-1.46658,0.901465,1.49078
1.30604,-1.46886,0.905188,1.49296
1.28978,-1.46921,0.902448,1.48723
1.25667,-1.46968,0.899755,1.48213
1.24662,-1.47053,0.89958,1.48479
1.21832,-1.47117,0.895496,1.47585
1.2011,-1.47167,0.900449,1.47188
1.17569,-1.47551,0.90996,1.49011
1.14952,-1.47547,0.915644,1.49039
1.12255,-1.47664,0.922553,1.49455
1.09566,-1.48073,0.930161,1.50801
1.07597,-1.48188,0.934544,1.50697
1.05016,-1.48327,0.933543,1.50012
1.02394,-1.48169,0.927129,1.48228
0.997166,-1.48374,0.922175,1.48877
0.968179,-1.48483,0.917494,1.49688
0.947234,-1.4848,0.916321,1.49694
0.916576,-1.48218,0.915696,1.48841
0.899267,-1.48106,0.91661,1.49289
0.87324,-1.47775,0.917765,1.48953
0.85626,-1.47577,0.918937,1.49091
0.84522,-1.47386,0.9209,1.49238
0.830406,-1.47127,0.921778,1.49483
0.824675,-1.47047,0.922665,1.49639
0.813362,-1.46987,0.922289,1.50525
0.808879,-1.46927,0.921276,1.4951
0.805697,-1.4712,0.918853,1.49448
0.804553,-1.4719,0.917693,1.49663
0.8047,-1.47353,0.913327,1.50299
0.805666,-1.47423,0.910784,1.50057
0.806476,-1.47456,0.909941,1.49301
0.807001,-1.47695,0.906728,1.50133
0.805908,-1.47717,0.902984,1.49207
0.801195,-1.4754,0.898442,1.47623
0.799043,-1.48038,0.89463,1.49121
0.794785,-1.48199,0.893079,1.49989
0.786151,-1.48169,0.888868,1.49687
0.780538,-1.48029,0.887014,1.48913
0.770952,-1.48116,0.884165,1.50046
0.763076,-1.47854,0.883959,1.49245
0.752416,-1.47527,0.886599,1.49038
0.742501,-1.47461,0.890386,1.50311
0.730639,-1.4698,0.895574,1.49272
0.723253,-1.4671,0.898998,1.4896
0.709759,-1.46525,0.902856,1.49618
0.70131,-1.46294,0.907725,1.49275
0.681381,-1.45784,0.917197,1.48933
0.670163,-1.45487,0.921304,1.49186
0.652195,-1.44817,0.923531,1.49119
0.635888,-1.44393,0.923339,1.50248
0.614214,-1.43708,0.920627,1.50367
0.5886,-1.42863,0.920183,1.49371
0.572798,-1.42609,0.918894,1.50435
0.547338,-1.41963,0.915083,1.5052
0.521344,-1.41332,0.910719,1.50779
0.498446,-1.40828,0.906219,1.50819
0.482507,-1.40588,0.904994,1.50835
0.457552,-1.40388,0.906631,1.5091
0.430578,-1.40198,0.910667,1.50861
0.416561,-1.4002,0.9115,1.5074
0.397202,-1.39839,0.913976,1.50758
0.367766,-1.39479,0.91456,1.49717
0.340679,-1.39252,0.914764,1.49814
0.325653,-1.39118,0.914789,1.50275
0.299225,-1.38866,0.917393,1.50166
0.272125,-1.38632,0.918838,1.49967
0.246313,-1.38506,0.919044,1.49836
0.227076,-1.38394,0.918804,1.49678
0.200401,-1.38259,0.919042,1.49569
0.174115,-1.38083,0.916387,1.49419
0.153755,-1.37923,0.913983,1.49314
0.136329,-1.37809,0.914157,1.49348
0.109627,-1.37499,0.917682,1.49091
0.0737541,-1.3716,0.92305,1.49103
0.0623741,-1.3706,0.924516,1.4913
0.0362048,-1.36877,0.92555,1.49009
0.00848839,-1.36775,0.922717,1.48928
-0.00903294,-1.36666,0.919407,1.49005
-0.0379516,-1.36528,0.915681,1.4897
-0.0546804,-1.36471,0.913128,1.48764
-0.0820925,-1.36465,0.908892,1.4893
-0.09514,-1.36432,0.909002,1.48814
-0.108722,-1.36464,0.909897,1.48578
-0.130546,-1.3641,0.914577,1.48687
-0.139462,-1.36361,0.917177,1.48457
-0.152062,-1.36306,0.918922,1.48266
-0.16467,-1.36226,0.918767,1.48524
-0.172633,-1.36191,0.916123,1.48668
-0.180324,-1.36192,0.913227,1.48712
-0.18843,-1.36205,0.907788,1.48736
-0.192993,-1.36265,0.905133,1.48731
-0.197457,-1.36289,0.902187,1.48564
-0.208363,-1.36286,0.899386,1.48295
-0.213516,-1.36331,0.899341,1.48381
-0.22182,-1.36347,0.9014,1.48067
-0.227374,-1.36456,0.904159,1.48158
-0.239507,-1.36536,0.908149,1.47993
-0.246063,-1.36661,0.908871,1.47967
-0.25437,-1.36968,0.911121,1.48005
-0.262571,-1.37261,0.911856,1.48171
-0.270542,-1.37601,0.91106,1.48202
-0.280656,-1.38094,0.909641,1.48371
-0.291801,-1.38729,0.910052,1.48502
-0.304718,-1.3935,0.913874,1.48565
-0.312328,-1.39734,0.914879,1.48478
-0.321018,-1.40228,0.916715,1.48673
-0.337942,-1.41128,0.922028,1.48636
-0.344823,-1.41536,0.923892,1.48685
-0.360042,-1.42489,0.926651,1.4877
-0.369758,-1.43019,0.928611,1.48762
-0.379923,-1.43558,0.930067,1.48973
-0.39349,-1.44272,0.931429,1.4872
-0.40362,-1.44761,0.933393,1.49077
-0.423433,-1.45599,0.934418,1.48726
-0.43429,-1.46022,0.934135,1.48846
-0.450052,-1.46577,0.933236,1.48581
-0.46228,-1.46981,0.932655,1.48388
-0.481102,-1.47482,0.932497,1.48309
-0.49727,-1.47848,0.933093,1.48388
-0.510289,-1.4812,0.932998,1.48193
-0.538431,-1.4825,0.931995,1.44584
-0.559286,-1.48542,0.92756,1.44157
-0.572425,-1.48746,0.925136,1.44085
-0.593422,-1.49061,0.923432,1.43976
-0.616733,-1.49393,0.923212,1.43793
-0.630286,-1.49592,0.923793,1.43908
-0.653183,-1.49867,0.924431,1.44006
-0.677919,-1.50134,0.925752,1.43944
-0.691352,-1.50274,0.926137,1.43881
-0.722165,-1.50684,0.928682,1.44336
-0.739909,-1.5118,0.928777,1.48863
-0.762237,-1.51527,0.929664,1.49143
-0.783253,-1.51871,0.929366,1.49551
-0.799436,-1.52149,0.926794,1.49576
-0.811372,-1.5236,0.924831,1.49496
-0.818404,-1.52482,0.923401,1.49612
-0.830052,-1.52725,0.919928,1.49571
-0.836278,-1.52854,0.920071,1.49702
-0.845242,-1.5311,0.921155,1.49608
-0.851371,-1.53325,0.921445,1.4961
-0.860063,-1.53613,0.920639,1.49672
-0.870783,-1.5393,0.92048,1.4977
-0.875426,-1.5404,0.920523,1.49728
-0.886813,-1.5418,0.921427,1.49523
-0.898934,-1.54385,0.923472,1.49538
-0.912263,-1.54637,0.925794,1.49243
-0.921064,-1.54753,0.926888,1.49137
-0.940565,-1.55015,0.929624,1.49167
-0.952416,-1.55152,0.931164,1.48826
-0.967017,-1.55313,0.932,1.49106
-0.983596,-1.55468,0.931167,1.48825
-1.0003,-1.55668,0.929714,1.48536
-1.01759,-1.55839,0.929345,1.483
-1.03546,-1.55945,0.926406,1.48081
-1.04968,-1.56019,0.923068,1.47945
-1.06654,-1.55992,0.918374,1.47797
-1.08312,-1.55864,0.912113,1.47681
-1.09582,-1.55678,0.908463,1.47565
-1.11151,-1.55384,0.905399,1.47367
-1.11054,-1.54933,0.891603,1.47837
-1.12727,-1.54651,0.887578,1.48397
-1.14695,-1.54241,0.885084,1.48234
-1.16588,-1.53875,0.883894,1.48409
-1.18056,-1.53518,0.881908,1.48381
-1.19916,-1.53094,0.878897,1.48402
-1.21394,-1.5268,0.877217,1.48397
-1.23105,-1.52149,0.87816,1.48499
-1.24706,-1.51574,0.880194,1.4837
-1.27115,-1.50381,0.881502,1.48169
-1.28929,-1.49312,0.883156,1.47655
-1.30243,-1.48565,0.887583,1.47552
-1.3171,-1.4771,0.891325,1.47473
-1.34252,-1.46239,0.894964,1.47301
-1.3621,-1.45075,0.895304,1.47268
-1.36953,-1.44593,0.894831,1.47184
-1.39313,-1.43035,0.893006,1.4703
-1.40724,-1.42188,0.894224,1.47095
-1.42676,-1.40805,0.896732,1.47142
-1.43434,-1.40572,0.899515,1.48186
-1.44799,-1.39367,0.903046,1.48205
-1.45403,-1.38711,0.905412,1.48184
-1.46,-1.37956,0.908097,1.47983
-1.46621,-1.37008,0.911146,1.48093
-1.47126,-1.3573,0.912989,1.4856
-1.47205,-1.35373,0.912743,1.48499
-1.47383,-1.34541,0.909187,1.48548
-1.47441,-1.34046,0.903037,1.48838
-1.47492,-1.33762,0.89823,1.485
-1.47688,-1.33427,0.893762,1.48466
-1.47796,-1.3306,0.889896,1.48373
-1.477,-1.32823,0.888279,1.48085
-1.47369,-1.32376,0.890527,1.47145
-1.4735,-1.32158,0.894335,1.4719
-1.47588,-1.31898,0.901413,1.47688
-1.4755,-1.31591,0.901791,1.4734
-1.47639,-1.31286,0.903387,1.47266
-1.47925,-1.31354,0.907019,1.47712
-1.48085,-1.31149,0.907786,1.47008
-1.48557,-1.31026,0.910598,1.468
-1.48935,-1.30837,0.912211,1.46834
-1.49076,-1.30725,0.911095,1.46876
-1.49677,-1.30324,0.903113,1.46866
-1.50422,-1.30247,0.896418,1.48936
-1.50602,-1.29589,0.885776,1.46842
-1.51302,-1.28975,0.872243,1.46568
-1.5187,-1.29273,0.874083,1.49557
-1.52802,-1.29657,0.877863,1.51945
-1.53219,-1.29659,0.882387,1.52332
-1.53368,-1.29665,0.884847,1.52338
-1.53768,-1.29582,0.892151,1.52882
-1.53959,-1.29472,0.895673,1.52851
-1.54245,-1.29312,0.902835,1.53097
-1.54521,-1.29084,0.913062,1.53206
-1.5477,-1.28869,0.922107,1.53357
-1.55101,-1.28524,0.932597,1.53423
-1.55599,-1.279,0.945425,1.53803
-1.55885,-1.27512,0.951097,1.53875
-1.56345,-1.26882,0.961205,1.54269
-1.5665,-1.26317,0.965122,1.53915
-1.56997,-1.25623,0.968504,1.53795
-1.57145,-1.24389,0.973396,1.53641
-1.57186,-1.23849,0.975087,1.53873
-1.5735,-1.23551,0.974833,1.54149
-1.57813,-1.22794,0.973058,1.5433
-1.58141,-1.22036,0.969073,1.54308
-1.59185,-1.20822,0.969304,1.5117
-1.60044,-1.19634,0.97029,1.51445
-1.60575,-1.18879,0.969952,1.51376
-1.61498,-1.17635,0.968343,1.50894
-1.62379,-1.1634,0.96493,1.51185
-1.6317,-1.14981,0.96106,1.51462
-1.63581,-1.14106,0.958598,1.51499
-1.64478,-1.12694,0.959537,1.51431
-1.65269,-1.11381,0.956762,1.51419
-1.66205,-1.09708,0.954049,1.51233
-1.66757,-1.08556,0.953182,1.51103
-1.67429,-1.07023,0.950944,1.51194
-1.67987,-1.05745,0.947203,1.51283
-1.68363,-1.05021,0.943701,1.51415
-1.69196,-1.03521,0.940158,1.51445
-1.69298,-1.03194,0.938923,1.51469
-1.69866,-1.02052,0.937159,1.5144
-1.69881,-1.01687,0.933786,1.51678
-1.70025,-1.01182,0.927225,1.51822
-1.70436,-1.00471,0.921631,1.51172
-1.70383,-1.00072,0.916746,1.50995
-1.70097,-0.996914,0.909751,1.50809
-1.69691,-0.991482,0.902667,1.50958
-1.69301,-0.986927,0.898746,1.51185
-1.69143,-0.983401,0.899632,1.51262
-1.69019,-0.977167,0.903623,1.50867
-1.6903,-0.970651,0.90976,1.50376
-1.68754,-0.965983,0.912165,1.5049
-1.684,-0.963427,0.917177,1.50831
-1.67942,-0.954475,0.919232,1.50345
-1.67449,-0.951243,0.918791,1.50035
-1.66905,-0.948425,0.918674,1.50449
-1.66855,-0.943594,0.919844,1.5106
-1.66857,-0.936928,0.921348,1.50838
-1.66201,-0.926847,0.918483,1.51059
-1.65883,-0.915935,0.917438,1.50705
-1.65636,-0.908457,0.918791,1.50556
-1.65304,-0.89732,0.922616,1.502
-1.64773,-0.884425,0.923728,1.49671
-1.64499,-0.875306,0.924687,1.49954
-1.64431,-0.854158,0.927832,1.49697
-1.64369,-0.848005,0.92663,1.49687
-1.64347,-0.822464,0.922532,1.49475
-1.64348,-0.808673,0.922705,1.49455
-1.64108,-0.796078,0.922498,1.49602
-1.63292,-0.767296,0.920998,1.49532
-1.62938,-0.754861,0.91951,1.49374
-1.62382,-0.736708,0.91229,1.49477
-1.62292,-0.723153,0.907798,1.49285
-1.61957,-0.707963,0.904578,1.48896
-1.61375,-0.694949,0.901995,1.4908
-1.60806,-0.677922,0.898997,1.48827
-1.60065,-0.662035,0.895791,1.48763
-1.5964,-0.644053,0.897086,1.48769
-1.59246,-0.632936,0.897862,1.48839
-1.58288,-0.613483,0.897049,1.48434
-1.5683,-0.597526,0.893275,1.4881
-1.55784,-0.580911,0.893754,1.48694
-1.54238,-0.564239,0.893924,1.49237
-1.5251,-0.554322,0.896799,1.48859
-1.50959,-0.542105,0.897718,1.49496
-1.48793,-0.534306,0.901742,1.50532
-1.46017,-0.531143,0.904592,1.50786
-1.43635,-0.528561,0.903399,1.50242
-1.40881,-0.527159,0.901813,1.49985
-1.38303,-0.525354,0.906253,1.49334
-1.37417,-0.524405,0.909197,1.49713
-1.35332,-0.520276,0.916845,1.49788
-1.3313,-0.51489,0.927432,1.49759
-1.30762,-0.505813,0.937933,1.50184
-1.29926,-0.502135,0.941205,1.50294
-1.27893,-0.49311,0.947719,1.4985
-1.25509,-0.484299,0.950746,1.49947
-1.23822,-0.47636,0.956362,1.49809
-1.2219,-0.468373,0.961477,1.49321
-1.21633,-0.465195,0.962841,1.49263
-1.20185,-0.459096,0.965282,1.48818
-1.1903,-0.455025,0.965842,1.48968
-1.18396,-0.450014,0.965896,1.49155
-1.18198,-0.446073,0.964728,1.48929
-1.17904,-0.442319,0.962034,1.49005
-1.17597,-0.438243,0.95878,1.48799
-1.17398,-0.436403,0.955748,1.48902
-1.17071,-0.433382,0.951427,1.489
-1.16766,-0.430479,0.948888,1.48758
-1.16326,-0.426634,0.947756,1.4849
-1.15946,-0.423745,0.947967,1.48488
-1.15318,-0.419823,0.948501,1.4808
-1.14499,-0.414796,0.949499,1.47921
-1.13876,-0.412165,0.950456,1.47885
-1.1278,-0.408837,0.954373,1.48009
-1.12172,-0.406415,0.956291,1.48077
-1.11357,-0.40375,0.959185,1.48016
-1.09996,-0.400175,0.961886,1.48098
-1.0906,-0.397728,0.962914,1.48088
-1.07283,-0.394774,0.964067,1.48389
-1.0638,-0.3933,0.963912,1.48569
-1.04709,-0.391526,0.959894,1.48408
-1.03615,-0.391151,0.957759,1.48489
-1.01938,-0.390832,0.954303,1.48359
-1.00029,-0.390487,0.951255,1.48223
-0.975576,-0.390625,0.951369,1.48561
-0.960801,-0.390616,0.951456,1.4855
-0.946417,-0.390498,0.951236,1.48698
-0.917213,-0.389851,0.948567,1.48768
-0.895347,-0.389843,0.945995,1.48536
-0.878936,-0.389753,0.943725,1.48569
-0.857285,-0.389605,0.938379,1.48498
-0.833952,-0.389982,0.935537,1.48572
-0.810397,-0.389784,0.936073,1.48844
-0.78842,-0.38906,0.93537,1.48803
-0.76956,-0.387785,0.93287,1.48998
-0.746217,-0.385272,0.928805,1.49139
-0.728649,-0.383472,0.927361,1.49084
-0.693152,-0.378918,0.92596,1.49118
-0.666659,-0.37474,0.926864,1.49323
-0.649882,-0.371472,0.928512,1.49394
-0.624295,-0.366141,0.93042,1.49663
-0.598084,-0.359773,0.930295,1.49803
-0.580777,-0.354772,0.928599,1.49854
-0.555037,-0.346862,0.927542,1.49828
-0.533892,-0.339408,0.927683,1.49845
-0.508066,-0.329653,0.928083,1.49829
-0.483971,-0.319762,0.930646,1.49604
-0.459757,-0.310486,0.931188,1.49552
-0.450977,-0.306754,0.931002,1.4956
-0.426286,-0.294923,0.928679,1.49603
-0.417546,-0.290086,0.927988,1.49582
-0.406189,-0.283418,0.924507,1.49713
-0.395611,-0.273662,0.921237,1.49238
-0.38598,-0.265468,0.913075,1.49158
-0.378784,-0.258806,0.907138,1.49174
-0.37286,-0.253564,0.904719,1.49395
-0.366397,-0.246415,0.905839,1.4915
-0.358279,-0.235943,0.90881,1.49052
-0.353327,-0.229163,0.910949,1.48931
-0.347779,-0.219367,0.917196,1.49021
-0.342704,-0.21285,0.91989,1.49243
-0.337674,-0.203284,0.924297,1.49269
-0.334037,-0.193191,0.92827,1.49308
-0.328768,-0.185378,0.928409,1.49509
-0.319847,-0.172927,0.926233,1.49774
-0.314595,-0.165797,0.926641,1.49684
-0.306462,-0.158104,0.924546,1.49882
-0.290903,-0.143253,0.923241,1.49892
-0.283392,-0.137519,0.922918,1.49883
-0.27489,-0.13149,0.923683,1.49578
-0.258377,-0.12087,0.930949,1.49849
-0.244179,-0.112354,0.937574,1.49897
-0.229274,-0.102826,0.941426,1.50065
-0.225407,-0.0988906,0.943794,1.49906
-0.212774,-0.0906418,0.944097,1.50094
-0.196989,-0.0810389,0.943921,1.50436
-0.183931,-0.071679,0.946997,1.50199
-0.165202,-0.0624121,0.949387,1.50371
-0.151477,-0.0548114,0.953792,1.5027
-0.142723,-0.0499996,0.959276,1.50208
-0.131541,-0.0438936,0.964055,1.49947
-0.108801,-0.031638,0.970072,1.5
-0.103334,-0.0279386,0.972517,1.4992
-0.08994,-0.0187513,0.975748,1.49603
-0.0752497,-0.00885832,0.975206,1.49581
-0.0638808,-0.000366651,0.971987,1.49351
-0.0464758,0.0151983,0.965617,1.47773
-0.0398667,0.0210767,0.962343,1.48897
-0.0319282,0.0308676,0.958551,1.48096
-0.021938,0.0400398,0.953229,1.48571
-0.0145736,0.0503711,0.950466,1.47644
-0.0110654,0.0548819,0.948533,1.47739
-0.00188669,0.0657421,0.942372,1.47981
0.000612902,0.0701488,0.942515,1.47624
0.00736672,0.0799664,0.944865,1.47405
0.0135954,0.0872312,0.948085,1.47489
0.0171765,0.0904535,0.951071,1.48745
0.0235397,0.0990753,0.956315,1.47865
0.0276803,0.103344,0.9593,1.47996
0.03512,0.113003,0.966462,1.47596
0.0393069,0.117148,0.969234,1.47839
0.0445856,0.122819,0.969915,1.47603
0.0485608,0.127416,0.969454,1.47206
0.0570874,0.133465,0.964177,1.47603
0.0634257,0.13865,0.962833,1.47757
0.0681269,0.142622,0.962216,1.47747
0.0719636,0.145628,0.961108,1.47888
0.0801119,0.152147,0.937286,1.47663
0.084296,0.155751,0.887724,1.47544
0.0911618,0.162943,0.746307,1.47941
0.0972611,0.166299,0.605052,1.48893
0.104826,0.167801,0.448726,1.48812
0.108424,0.166863,0.299873,1.48966
0.109611,0.165151,0.18933,1.4914
0.111212,0.163846,0.0244873,1.49335
0.11039,0.179128,0.051897,1.51801
0.110957,0.201917,0.0282814,1.52847
0.11617,0.188638,0.00865238,1.55287
0.11535,0.188198,0.00978734,1.56405
0.114236,0.189945,0.00801213,1.56129
0.114224,0.189883,0.00817622,1.56161
0.114282,0.189879,0.00801632,1.56138